Temperature (C),pH,Turbidity (NTU),BOD (mg/l),Fecal Coliform (MPN/100ml),Disolved Oxygen (mg/l),NITRATENAN N+ NITRITENANN (mg/l),Conductivity (micro_mhos/cm)
30.6,7.5,47,48.9,5421,4,0.13,208
30.6,7.2,45.8,47,5632,4,0.12,210
30.6,7.1,45.4,48.1,5550,4,0.1,219
30.6,7.1,45.6,48.9,5444,4,0.12,220
30.6,7.2,46,47,5218,3.9,0.13,215
30.6,7.2,46.3,48.1,5222,4,0.12,220
30.6,7.2,46.1,48.9,5219,4,0.15,222
30.6,7.2,45.9,47,5225,4,0.15,228
30.6,7.2,46.2,48.1,5231,3.9,0.13,225
30.6,7,45.6,48.7,5233,4,0.1,230
28,6.8,43.3,50.7,5230,3.9,0.12,226
29.3,6.8,43.9,48.2,5230,4,0.13,230
31.7,7.2,45.8,45.7,5237,3.8,0.18,290
31.7,7.2,45.7,45.8,5241,3.9,0.2,297
31.8,7.2,45.7,45.2,5239,4,0.17,305
31.7,7.3,46.2,46,5237,3.9,0.19,309
31.7,7.3,46,46.4,5242,4,0.18,315
31.8,7.3,46.3,45.8,5247,3.8,0.17,312
31.7,7.5,47.1,46.5,5248,4,0.18,318
31.5,7.5,47.5,46.4,5245,3.8,0.19,322
31.8,7.5,47.2,43.8,5251,3.9,0.17,325
31.7,7.5,47.2,44.5,5255,4,0.2,320
31.7,7.4,46.9,46.5,5259,3.9,0.19,320
31.8,7.4,46.6,44.7,5259,3.9,0.2,322
33.4,7.4,46.9,41.9,5256,3.8,0.23,341
35.6,7.6,47.9,35.8,5257,3.3,0.25,389
37.8,7.6,47.7,33.9,5260,3.3,0.27,399
37.8,7.6,48,33.3,5263,3.3,0.27,398
37.8,7.6,47.8,32.4,5263,3.3,0.27,399
37.8,7.6,47.6,32.4,5267,3.3,0.27,400
37.8,7.8,49.1,32.6,5270,3.3,0.28,401
30.6,7.8,49.5,47.6,5278,4,0.12,204
30.9,7.8,49.2,47.2,5284,4,0.1,213
30.9,7.8,49.1,46.9,5288,3.9,0.1,208
30.9,7.8,49.3,46.7,5285,4,0.1,219
30.9,7.8,49.3,46.5,5324,3.9,0.13,223
31.3,7.5,47.2,45.8,5302,4,0.12,227
31.4,7.5,47.1,45.3,5350,3.9,0.12,238
31.5,7.5,47.5,43.5,5359,3.9,0.11,234
31.5,7.5,47.4,44,5402,3.9,0.14,241
31.6,7.9,49.9,44.1,5447,4,0.11,233
31.3,7.9,50,45,5439,3.9,0.1,244
31.4,7.9,49.8,44.8,5511,3.8,0.1,239
31.5,7.9,49.9,44,5541,4,0.1,232
31.5,8,50.1,45.6,5598,3.9,0.12,229
31.6,8,50.3,43.9,5582,3.7,0.13,240
31.3,8,50.1,44.2,5612,3.7,0.14,226
31.4,8.1,50.6,44.1,5589,3.8,0.1,221
31.5,8.1,50.9,45,5642,3.8,0.1,228
31.5,7.8,49.2,45.2,5500,3.6,0.1,235
31.6,7.8,49.1,46.1,5444,3.7,0.14,235
32.9,7.8,49.2,43,5399,3.8,0.19,249
33.7,7.8,49.3,39.7,5289,3.5,0.2,269
34.1,7.8,49.3,38,5222,3.6,0.23,273
34.5,7.8,49.2,37.1,5234,3.5,0.23,276
34.6,7.8,49.1,38.9,5211,3.6,0.23,277
34.1,7.8,48.9,37.4,5199,3.5,0.24,279
34.5,7.7,48.9,37.6,5118,3.6,0.24,271
34.6,7.7,48.7,37.8,5079,3.5,0.23,278
35.6,7.7,48.9,36,5027,3.6,0.23,286
35.7,7.7,48.9,36.2,5020,3.5,0.23,287
35.8,7.4,48.7,35.8,5019,3.7,0.24,291
35.8,7.4,48.2,35.6,5011,3.7,0.25,283
35.8,7.4,47.9,36.2,4993,3.6,0.26,289
35.8,7.4,48.2,35.8,4986,3.6,0.26,283
35.8,7.4,48.2,35.6,4982,3.5,0.26,293
35.8,7.4,47.9,36.5,4981,3.7,0.26,284
35.8,7.5,48.2,35.3,4978,3.6,0.25,299
35.8,7.5,48.2,35.6,4966,3.4,0.26,300
36.8,7.5,48.6,34.4,4928,3.4,0.27,304
36.3,7.5,48.6,35,4913,3.4,0.28,317
36.9,7.9,49.1,34.6,4917,3.3,0.28,325
37.9,7.9,49.2,33.9,4910,3.3,0.28,352
38,7.9,49.1,33,4909,3.3,0.29,380
38.1,7.9,49.1,32.7,4899,3.2,0.29,383
38.6,8,49.8,32,4894,3.3,0.29,378
38.7,8,49.9,31.8,4889,3.3,0.3,385
38.8,7.6,47.4,31.7,4887,3.2,0.29,376
38.8,7.6,47.4,31.5,4899,3.3,0.29,389
38.8,7.6,48.3,31.8,4910,3.3,0.29,391
38.8,7.5,49.2,31.7,4980,3.2,0.3,392
38.8,7.5,50,31.5,4887,3.3,0.29,386
38.8,7.5,47.3,31.8,4880,3.3,0.29,394
38.8,7.3,46.4,31.7,4899,3.3,0.29,379
38.2,7.3,46.4,32.5,4888,3.4,0.3,388
38.3,7,47.3,32,4880,3.3,0.29,381
38.2,7,47.3,32.6,4779,3.3,0.28,392
38.1,7,47.2,33.1,4788,3.4,0.27,386
38.1,7.1,49.7,33.4,4890,3.3,0.27,394
37.2,7.1,49.5,36,4699,3.4,0.27,371
37.8,7,48.9,36,4788,3.4,0.26,365
37.1,7.1,48.5,36.7,4898,3.5,0.25,359
36.1,7.1,45,37,4988,3.6,0.24,347
36.2,7.2,46.1,36.9,5057,3.6,0.25,342
36,7.2,46.3,37,4992,3.7,0.24,334
35.9,7.2,46.4,37.1,4899,3.8,0.23,338
35.9,7.2,46.3,37.4,4917,3.7,0.22,331
35.5,7.5,47.3,38,4880,3.6,0.22,329
35.5,7.5,47.5,38,4699,3.6,0.2,322
35.5,7.5,47.3,38.9,4788,3.6,0.2,318
34.1,7.5,47,37.7,5222,3.7,0.24,379
33.4,7.8,46.1,38,5284,3.6,0.25,359
33.4,7.8,44.9,38.9,5281,3.9,0.24,358
33.2,7.8,44.9,40,5299,3.8,0.25,357
32.9,7.6,48,43.3,5358,3.6,0.24,345
32.7,7.6,47.6,43.3,5399,3.9,0.1,341
31.9,7.9,47,44.9,5451,3.9,0.1,289
31.5,8.1,45.8,45,5642,3.8,0.1,228
31.5,7.8,45.2,45.2,5500,3.6,0.1,235
31.6,7.8,44.1,45.1,5444,3.7,0.14,235
32.9,7.8,44.2,46,5399,3.8,0.19,321
32.8,7.8,45.8,46.2,5199,3.8,0.19,311
32.7,8,45.3,45.3,5206,3.9,0.19,304
32.9,8,44.7,45,5218,3.6,0.19,305
33,8,45,43.8,5222,3.5,0.1,341
33.1,7.5,45.6,44.1,5263,3.5,0.1,348
33,7.5,46,44.4,5263,3.5,0.1,353
32.9,7.5,43.9,45.2,5267,3.6,0.1,320
33.4,7.9,48.9,43.9,5270,3.9,0.24,344
33.5,7.9,48.5,43.7,5112,3.8,0.25,356
33.3,8,47.9,43.7,5134,3.8,0.24,338
33.2,7.6,46,43.5,5147,3.8,0.23,360
32.9,7.6,46.1,44.6,5247,3.6,0.23,321
32.7,7.4,46.5,44.9,5268,3.7,0.19,334
32.5,7.4,46,45.3,5262,3.9,0.1,325
32.6,7.4,46.1,45.8,5235,3.8,0.1,302
32.5,7.5,46.5,46,5249,3.8,0.1,278
31.5,8.1,47.9,45,5389,3.8,0.1,228
31.5,7.8,46.2,45.2,5360,3.6,0.1,235
31.6,7.8,45.2,45.1,5344,3.7,0.14,235
32.9,7.8,46.5,46.1,5319,3.8,0.19,249
33,8,46.7,39.3,5121,3.7,0.1,351
33.6,8,45.5,39.2,5144,3.7,0.24,339
34,8.1,46.8,38.3,5057,3.6,0.22,368
34.4,8.1,46.9,38,4996,3.6,0.22,369
34.8,8.2,48.1,37.9,4975,3.6,0.23,371
35.1,8.2,48.2,37.7,4940,3.5,0.23,376
35.1,8.1,48.1,37.5,4935,3.5,0.23,375
35.4,8,48,37.4,4922,3.5,0.24,377
35.9,8,47.9,37.8,4919,3.4,0.25,382
35.2,7.9,47.8,38,4867,3.5,0.23,381
34.8,7.5,47.7,39.3,4902,3.6,0.22,372
33.2,7.5,46.6,39.5,5020,3.7,0.24,365
32.7,7.5,45.3,47.2,5136,3.8,0.19,355
28,6.8,43.3,50.7,5430,3.9,0.12,226
29.3,6.8,43.9,48.2,5530,4,0.13,230
30.2,7,46,48.8,5513,4,0.13,234
30.7,7.4,44.1,48.8,5484,4,0.13,236
30.8,7.5,44.5,48.3,5455,3.9,0.14,241
31,7.8,47.8,48.2,5358,4,0.1,278
32.5,7.5,47.4,43.3,5311,4,0.19,302
31.5,7.5,47.9,45.7,5302,4,0.14,323
31.5,7.5,48.3,45.6,5396,3.9,0.14,327
32.8,7.4,46.5,44.5,5224,3.9,0.19,314
32.8,7.4,44,44.2,5236,3.9,0.19,316
31.4,7.4,43.4,45.5,5505,3.9,0.12,317
31.2,7.2,43.3,45.7,5458,3.8,0.13,319
31.2,7.2,43.9,45.9,5543,3.8,0.13,336
32.3,7.2,46.7,44.3,5289,3.8,0.19,344
32.4,7.2,47,44.2,5295,3.8,0.19,354
32.6,7.2,46.5,44.4,5245,3.9,0.19,333
32.6,7,46.8,44.4,5265,3.9,0.19,338
31.8,7,44.2,45.4,5332,3.9,0.14,349
31.6,7,43.7,45.3,5403,3.8,0.14,350
31.3,7,43.5,46.7,5418,3.9,0.14,326
30.3,7.1,43.2,48.2,5477,4,0.1,304
31.1,7.1,42.7,46.5,5420,3.9,0.14,327
30.8,7.4,42.3,47.2,5489,4,0.1,319
30.6,7.4,42.1,47.5,5473,4,0.1,300
31,7.5,42.5,46.3,5402,3.9,0.14,291
30.3,7.5,42.8,47.2,5498,4,0.1,288
31.1,7.5,43.4,46.3,5501,3.9,0.14,295
32.3,7.5,44.1,45.4,5368,3.8,0.19,324
30.5,7.5,43.7,47.8,5493,4,0.1,293
30.1,7.5,42.3,47.9,5505,4,0.1,277
30.1,7.4,42.1,48,5522,3.9,0.1,275
30.9,7.6,42.5,48.1,5516,4,0.2,268
30.8,7.8,43.2,48.7,5518,4,0.2,266
30.8,7.8,43.6,48.6,5539,4,0.2,261
30.7,7.5,44.3,48.6,5541,3.9,0.1,272
30.7,7.5,45.8,48.6,5537,4,0.1,283
30.7,7.5,44.9,48.3,5523,4,0.1,294
30.8,7.4,45.1,47.9,5527,3.9,0.1,296
30.9,7.4,45.7,47.9,5515,4,0.1,284
31.3,7.5,46.2,46.5,5477,4,0.14,306
30.3,7.1,44.1,47.6,5496,4,0.13,249
31.1,7.2,44.4,46.1,5366,3.9,0.13,315
31.7,7.2,42.5,46.4,5342,3.9,0.13,328
32.2,7.1,42.9,44.5,5288,3.8,0.19,356
32.5,7.2,43.8,44.4,5264,3.8,0.19,364
31.5,7.2,42.7,46.6,5212,3.9,0.14,342
31.5,7.1,42.5,46.9,5227,3.9,0.14,349
31.7,7.2,42.6,46.2,5238,3.8,0.14,328
31.2,7.2,42.6,46.1,5234,3.8,0.13,347
31.9,7.2,42.8,46.3,5244,3.8,0.14,317
30.6,7.4,42.1,47.7,5389,4,0.1,296
30.8,7.4,43.2,47.9,5377,4,0.1,264
31.6,7.5,43.1,46.3,5256,3.9,0.14,301
31.3,7.5,42.9,46.4,5267,4,0.14,326
30.3,7.5,42.9,48.2,5377,4,0.1,304
31.1,7,42.5,47,5267,4,0.14,335
32.3,7.1,44.5,45.9,5233,3.9,0.19,351
31.5,7.1,43.8,46.1,5289,3.9,0.14,348
31.3,7.2,43.6,46.2,5276,3.9,0.14,287
30.7,7.2,43.1,47.4,5355,4,0.1,277
30.8,7.4,43.2,48.5,5367,4,0.14,266
31.6,7.4,43.9,46.3,5333,3.9,0.14,254
31.3,7.5,43.8,46.5,5322,3.9,0.14,278
30.3,7.5,43.6,48.6,5310,4,0.1,267
31.1,7.5,43.7,45.3,5298,4,0.14,256
31.7,7.4,44.2,45.6,5285,3.9,0.14,277
32.2,7.4,44.7,45,5266,4,0.19,325
32.5,7,44.7,44.9,5264,4,0.19,354
31.5,7,43.5,44.6,5243,4,0.14,302
31.5,7,43.6,45.3,5389,3.9,0.14,295
31.7,7,43.2,45.7,5346,3.9,0.14,266
31.4,7.2,43.7,45.8,5342,3.9,0.14,298
31.9,7.2,43.4,45.9,5332,4,0.15,305
31.9,7.2,43.3,44,5336,4,0.15,315
32,7.2,44.2,43.5,5322,3.8,0.19,341
32.2,7,44.6,43.6,5298,3.8,0.19,353
32.5,7.2,46.2,43.7,5291,3.8,0.19,365
31.5,7.1,43.2,44.5,5217,3.9,0.14,303
31.5,7.1,42.5,44.9,5296,3.9,0.14,285
31.8,7.5,44.3,46.6,5354,3.9,0.15,281
31.8,7.5,43.8,46.7,5356,3.9,0.15,293
31.9,7.4,43.6,46.8,5397,3.9,0.15,296
31.9,7.4,43.9,46.1,5362,3.9,0.15,305
32,7,44.3,45.3,5246,3.8,0.19,334
31.7,7.5,43.5,45.9,5121,3.8,0.15,315
31.5,7.5,43.7,46,5321,3.9,0.14,306
31.2,7.4,43.6,46.2,5311,3.9,0.14,297
30.1,7.4,42.4,48.1,5310,4,0.1,271
30.4,7,42.8,47.9,5390,4,0.1,253
30.6,7,43.1,47.8,5398,4,0.1,259
30.9,7.2,43.4,48.1,5387,4,0.1,249
31,7.2,43.8,46.8,5311,3.9,0.14,260
31.1,7.2,44.2,46.7,5375,3.9,0.14,284
31.5,7.2,44.5,46.9,5398,3.8,0.14,295
31.8,7.4,44.6,46.5,5346,3.9,0.15,299
30.5,7.8,46.2,47,5473,4,0.1,301
31.5,7.4,45.2,46.3,5402,3.9,0.14,308
31.5,7.5,46.5,45.8,5498,3.9,0.14,287
30.3,7,44,47.9,5501,4,0.14,271
30.3,7,43.4,48.5,5368,4,0.12,244
28,6.8,43.3,50.7,5493,4,0.12,226
29.3,6.8,43.9,48.2,5230,4,0.13,230
30.2,7,42.7,48.9,5390,4,0.14,245
30.7,7.4,43,47,5398,4,0.15,260
30.8,7.4,44.5,48.1,5387,4,0.14,272
31,7.8,46.8,47,5311,3.9,0.14,266
31.6,7.8,45.3,47.2,5244,3.8,0.14,263
31.6,7.8,45.3,46.7,5284,3.8,0.14,274
31.5,7.6,44.2,46.2,5217,3.8,0.14,288
31.7,7.6,44.5,46.3,5296,3.9,0.14,289
31.5,7.6,44.6,45.7,5354,3.8,0.14,294
31.2,7.5,44.3,46.7,5356,3.8,0.14,304
30.1,7.5,44.8,47.8,5473,4,0.12,299
30.4,7.5,44.2,47.9,5402,4,0.12,258
30.6,7.4,43.2,48.3,5495,4,0.12,261
30.9,7.4,43.8,48.9,5505,4,0.12,243
31,7.5,44.6,47.1,5363,3.9,0.14,274
31.1,7.5,44.7,47.2,5496,3.9,0.14,279
31.5,7.5,45.3,46.8,5473,3.9,0.14,283
31.8,7.5,44.2,46.3,5402,3.8,0.14,288
30.5,7.4,44.8,48.3,5498,4,0.12,255
30.8,7.4,44.5,49,5501,4,0.12,253
30.6,7.5,42.6,49.1,5368,4,0.12,256
31,7.5,43.5,48.8,5493,3.9,0.14,295
30.3,7.5,44.4,49.3,5463,4,0.12,263
31.1,7.5,44.6,47.8,5407,3.9,0.14,285
32.3,7.8,45.6,45.7,5458,3.8,0.19,325
30.5,7.2,43.2,48.9,5531,4,0.12,293
30.1,7.1,43.8,49.2,5567,4,0.12,266
30.1,7.1,44.1,49.4,5495,4,0.12,269
30.4,7.4,45.3,47.3,5473,4,0.12,261
30.6,7.4,44.7,48.4,5402,4,0.12,243
30.9,7.4,45.8,48.7,5498,4,0.12,249
31,7.4,46.1,46.5,5305,4,0.14,286
31.1,7.2,46.2,46.5,5368,3.9,0.14,296
31.5,7.2,46.3,46.5,5293,3.9,0.14,306
31.8,7.2,46.7,46.7,5289,3.8,0.14,314
32,7.3,47,45.4,5234,3.8,0.19,339
32.2,7.3,47.1,45.5,5236,3.8,0.19,348
32.3,7.3,47.2,45.7,5257,3.8,0.19,359
32,7.3,46.2,45.7,5238,3.8,0.19,356
32.3,7.5,45.7,45.8,5237,3.8,0.19,347
32.7,7.4,45.3,45.9,5226,3.7,0.19,355
32.7,7.4,46.8,46.3,5222,3.7,0.19,356
32.6,7.4,45.6,46.2,5237,3.7,0.19,359
32.5,7.2,45.6,45.1,5239,3.7,0.19,367
31.9,7.2,44.6,46.7,5244,3.9,0.15,336
31.8,7.2,44.7,46.3,5256,3.9,0.14,327
32,7.3,45.3,46,5238,3.8,0.19,367
31.5,7.3,44.2,46.4,5283,3.9,0.14,342
31.7,7.3,44.8,46.6,5319,3.9,0.15,353
31.7,7.3,44.5,46.5,5348,3.9,0.15,323
31.4,7.5,42.6,46.9,5321,3.9,0.14,312
31.4,7.4,44.6,47.2,5384,3.9,0.14,317
31.3,7.4,44.7,47.2,5385,3.9,0.14,316
31.3,7.2,45.3,47,5381,3.9,0.14,315
31.3,7.2,44.2,46.8,5391,3.9,0.14,306
31.2,7.3,44.8,46.8,5347,3.9,0.14,297
31,7.3,44.5,46.9,5358,3.9,0.14,296
30.9,7.3,42.6,48.5,5374,4,0.12,267
30.8,7.3,47.2,48.6,5345,4,0.12,262
30.5,7.5,46.7,48.5,5344,4,0.12,245
30.8,7.4,47,49.3,5367,4,0.12,241
30.6,7.4,46.6,49.3,5312,4,0.14,248
31,7.5,46.8,49.2,5277,3.9,0.14,265
30.3,7.5,43.5,48.7,5349,4,0.12,248
31.1,7.5,43.4,46.3,5399,3.9,0.14,271
32.3,7.4,44.9,45.3,5227,3.8,0.19,328
30.5,7.4,43.3,47.4,5419,4,0.12,289
30.1,7.5,43.2,48.1,5417,4,0.12,263
30.1,7.5,43.5,48.3,5427,4,0.12,249
31.6,7.5,44.6,47.4,5248,3.9,0.14,295
32.5,7.6,43.4,46.2,5232,3.8,0.19,344
31.5,7.8,47.7,46.9,5281,3.9,0.14,305
31.5,7.8,46.5,47.4,5258,3.9,0.14,314
30.7,7.5,42.9,49.2,5291,4,0.12,270
28,6.8,43.3,50.7,5230,4,0.12,226
29.3,6.8,43.9,48.2,5230,4,0.13,230
30.3,7,46.6,49.2,5511,4,0.14,241
30.4,7,46.4,49.3,5498,4,0.14,263
30.6,7.5,46.2,49.1,5456,4,0.14,269
31.5,8.1,44.9,43,5442,3.8,0.1,228
31.5,7.8,44.2,43.2,5403,3.6,0.1,235
31.6,7.8,43.1,43.1,5447,3.7,0.14,235
32.9,7.8,47.2,40,5396,3.8,0.19,249
30.2,7,46.7,48.9,5643,4,0.12,289
30.7,7.4,47,47,5502,4,0.12,283
30.8,7.4,46.6,48.1,5454,4,0.12,293
31,7.8,46.8,47.2,5299,3.9,0.1,276
32.3,7.8,46.8,45.5,5257,3.8,0.19,328
32.4,8,47.3,45.2,5291,3.8,0.19,349
32.6,8,43.2,45.4,5230,3.8,0.19,351
32.6,7.8,46.8,45.9,5247,3.8,0.19,353
31.5,7.5,47.3,46.2,5346,3.9,0.14,324
31.5,7.5,43.4,46.3,5359,3.9,0.14,308
30.5,7,43.4,48.7,5384,4,0.12,300
30.8,7.1,47.2,48.7,5421,4,0.12,268
30.6,7.1,46.7,48.3,5402,4,0.12,253
31,7.2,47,47.5,5472,3.9,0.14,286
30.3,7.2,46.6,48.6,5462,4,0.12,256
31.1,7.3,46.8,47.3,5376,3.9,0.14,282
32.3,7.3,47.3,46.1,5383,3.8,0.19,320
30.5,7.3,43.2,48.2,5374,4,0.12,272
30.1,7.2,43.6,49.1,5490,3.9,0.12,265
30.1,7.2,44.3,49.2,5418,3.9,0.12,255
30.5,7.2,45.8,49.3,5416,4,0.12,245
30.1,7,44.9,48.7,5412,3.9,0.12,266
30.1,7,45.1,48.6,5498,3.9,0.12,257
31.6,7.2,46.2,46.7,5481,3.9,0.15,271
30.5,7.2,45.4,47.2,5462,4,0.12,262
30.4,7.4,44.6,47.1,5472,4,0.12,253
30.4,7.4,46.7,47.8,5483,4,0.12,242
30.5,7.5,47.4,48.2,5465,4,0.12,244
31.5,7.5,46.3,47.2,5392,3.9,0.12,277
31.5,7.5,45.4,46.5,5372,3.9,0.12,289
32.3,7.6,47.4,47.2,5385,3.8,0.19,232
32.4,7.6,46.9,47.4,5307,3.9,0.19,234
31.8,7.6,47.3,46.3,5384,3.9,0.12,310
30.1,7.8,43.2,47.2,5391,4,0.12,253
30.5,7.8,43.6,47.3,5465,4,0.12,256
30.1,7.8,44.3,47.5,5493,4,0.12,257
30.1,7.8,45.8,47.6,5481,4,0.12,260
31.6,7.7,44.9,46.5,5419,3.9,0.12,264
31.5,7.7,45.1,46.7,5386,3.9,0.14,272
31.4,7.7,45.3,46.2,5378,3.9,0.14,275
32.4,7.7,45.9,45.3,5261,3.8,0.19,332
32.2,7.7,46.3,45.3,5236,3.8,0.19,329
32.7,7.7,46.4,45.5,5231,3.8,0.19,342
33.4,7.9,46.7,42.5,5283,3.7,0.14,345
33.5,7.9,46.8,41.7,5211,3.7,0.14,347
33.5,7.9,47.1,42.3,5211,3.7,0.14,359
33.2,7.9,47.7,41.7,5201,3.7,0.14,320
32.9,7.9,47.4,44.5,5243,3.8,0.19,334
32.8,8,46.9,45.6,5245,3.8,0.19,316
32.5,7.9,47.3,45.6,5263,3.8,0.19,342
32.5,7.9,46.2,45.7,5283,3.8,0.19,329
32.4,7.8,45.6,45.8,5262,3.8,0.19,354
32.3,7.8,47.3,46.1,5231,3.8,0.19,329
32.3,7.5,49,46.2,5292,3.8,0.19,345
32.2,7.5,48.9,46.3,5261,3.8,0.19,355
32.5,7.4,47.4,46.2,5298,3.8,0.19,343
31.5,7.4,47.9,46.3,5391,3.9,0.14,298
31.5,7.2,48.3,46.9,5372,4,0.14,273
30.5,7.2,46.5,48.1,5399,4,0.1,269
30.8,7.2,46.3,48.2,5417,4,0.1,257
30.6,7.3,45.8,48.2,5423,4,0.1,246
31,7.3,45.3,46.8,5354,3.9,0.14,266
30.3,7.3,44.8,47.4,5398,4,0.1,255
31.1,7.4,44.6,47.3,5376,3.9,0.14,265
32.3,7.4,45.8,45.4,5301,3.8,0.19,335
30.5,7.5,45.7,48.6,5393,4,0.1,269
30.1,7.5,45.2,48.7,5427,4,0.1,257
30.1,7.6,44.5,48.7,5462,4,0.1,246
30.2,7.6,44.1,48.9,5465,4,0.1,242
30.4,7.8,43.4,48.2,5487,4,0.1,240
30.4,7.8,43.2,48.2,5482,4,0.1,256
30.4,7.6,46.5,49.3,5519,4,0.1,247
30.5,7.6,46.3,49.2,5528,4,0.1,252
30.8,7.6,45.8,49.5,5564,4,0.1,248
30.6,7.2,45.3,49.3,5514,3.9,0.1,262
31,7.2,44.5,47.3,5428,3.9,0.14,270
30.3,7,44.6,48.5,5498,4,0.1,242
31.1,7,45.8,46.7,5452,3.9,0.14,302
32.3,7,45.7,45.2,5389,3.8,0.19,333
30.5,7,45.6,48.3,5534,3.9,0.1,261
30.1,7,44.9,48.4,5571,4,0.1,258
30.1,7.1,44.2,49.3,5517,4,0.1,247
30.4,7.1,43.4,49.2,5526,4,0.1,243
30.8,7.1,43.2,49,5598,4,0.1,241
30.6,7.1,44,48.9,5566,4,0.1,257
31,7.2,44.9,46.7,5445,3.9,0.14,248
30.9,7.2,43.8,48.2,5503,4,0.1,251
31.1,7.3,44.3,47.1,5453,3.9,0.14,290
32.9,7.3,44.8,45.6,5398,3.8,0.19,312
30.8,7.3,45.2,48.4,5433,4,0.1,249
30.1,8.1,46.7,48.3,5442,3.8,0.1,240
30.1,7.8,47,49.3,5403,3.6,0.1,237
31.6,7.8,46.5,46.3,5447,3.7,0.14,247
32.9,7.8,46.8,45.6,5396,3.8,0.19,251
30.2,7,43.9,48.9,5436,4,0.1,249
30.7,7.4,44.2,49.2,5472,4,0.1,264
30.8,7.4,43.1,48.1,5423,4,0.1,245
31,7.8,43.2,47,5417,3.9,0.14,315
32.3,8,43.5,46.1,5368,3.8,0.19,333
33.1,8,47,40.2,5267,3.7,0.15,376
34,8,47.5,38.4,5293,3.6,0.22,379
34.2,8.1,47.9,38.5,5135,3.6,0.22,381
34.4,8.1,46.1,38.9,5135,3.6,0.22,382
35.5,8.1,46.7,37.2,5083,3.5,0.23,384
36.2,8.2,46.9,36.3,4986,3.4,0.24,387
36.9,8.2,47.4,35.6,4957,3.4,0.24,388
37,8.2,47.4,34.2,4956,3.3,0.26,393
36.7,8.2,46.9,35.8,4898,3.4,0.24,399
35.8,8.1,46.3,37.5,4895,3.5,0.24,389
34.9,8,44,38.9,4967,3.5,0.23,380
33,7.8,43.6,39.4,4983,3.7,0.15,378
33.1,7.8,43.4,39.5,4956,3.7,0.15,364
32.5,7.5,43.3,44.3,5103,3.8,0.15,335
31.5,7.5,43.9,46.4,5238,3.9,0.14,277
31.5,7.3,46.7,46.5,5157,3.9,0.14,296
32.8,7.3,46.5,45.6,5032,3.8,0.19,342
32.8,7.3,44,45.3,5034,3.8,0.19,329
31.4,7,44.3,46.5,5068,3.9,0.14,321
31.2,7,47.4,46.7,5295,3.9,0.14,318
31.2,7,48.7,47.3,5383,3.9,0.14,316
32.3,7.2,48.3,44.5,5373,3.8,0.19,354
32.4,7.2,47,45.2,5232,3.8,0.19,329
32.6,7.2,46.5,44.9,5214,3.8,0.19,345
32.6,7.2,46.8,43.2,5211,3.8,0.19,355
31.8,7.2,45.2,46.3,5147,3.9,0.14,322
31.1,7.2,43.4,46.4,5243,3.9,0.14,328
30.9,7,43.2,48.3,5394,4,0.1,256
30.9,7,46.1,48.2,5441,4,0.1,245
31.4,7.2,46.1,46.8,5375,3.9,0.14,323
31.9,7.2,44.1,46.2,5234,3.9,0.14,289
32.6,7.4,46.5,44.2,5104,3.9,0.19,335
34.4,7.4,46.8,40.2,5003,3.6,0.25,364
35.5,7.8,45.2,38.4,4967,3.5,0.26,374
36.2,7.8,47.4,35.4,4925,3.4,0.26,382
36.9,8,48.7,35.6,4983,3.4,0.26,384
37,8,48.3,34.5,4835,3.3,0.27,386
37.8,8.1,47,34.2,4812,3.3,0.27,389
38,8.2,47.4,34,4821,3.2,0.27,398
37.5,8.2,48.6,34.6,4889,3.3,0.27,404
37.4,8.1,48.5,34.5,4822,3.3,0.27,400
36.7,8,49.1,35.2,4913,3.4,0.27,395
35.8,7.8,48.8,37.5,4923,3.5,0.24,394
34.3,7.7,49,36.2,4945,3.6,0.24,393
34.2,7.7,49.2,36.4,4928,3.6,0.24,381
33.8,7.7,48.6,39.7,5013,3.7,0.23,380
32.6,7.5,48.1,43.5,5103,3.8,0.19,355
31.8,7.5,46.5,46.4,5137,3.9,0.14,325
31.1,7.5,46.3,46.4,5282,3.9,0.14,308
30.9,7.2,45.8,47.1,5285,4,0.1,261
30.9,7.2,45.3,47.3,5384,4,0.1,267
31.4,7.2,44.8,46.7,5359,3.9,0.14,329
31.9,7.5,44.6,46.5,5342,3.9,0.14,328
32.6,7.5,45.8,45.9,5324,3.8,0.19,341
33.4,7.8,45.9,42.1,5234,3.7,0.22,348
33.7,7.8,45.6,40.1,5142,3.7,0.22,353
33.7,7.8,44.9,39.5,5023,3.7,0.22,320
32.6,7.8,44.2,44.3,5035,3.7,0.19,344
31.8,7.6,43.4,46.6,5137,3.9,0.14,306
31.1,7.6,43.2,46.5,5197,3.9,0.14,301
30.9,7.5,46.1,47.9,5289,4,0.1,338
30.9,7.5,46.9,48.5,5385,4,0.1,342
31.4,7.6,45.1,47.2,5294,3.9,0.14,320
31.9,7.6,45.8,47.3,5148,3.9,0.14,310
32.6,7.6,44.7,46.3,5294,3.8,0.19,248
31.8,7.2,45.3,47.2,5273,3.9,0.14,325
31.8,7.2,45.2,46.4,5283,3.9,0.14,323
32.5,7.2,46.4,44.4,5281,3.8,0.19,249
32.6,7.3,46.9,44.4,5159,3.8,0.19,247
33.2,7.3,47.1,40.5,5152,3.7,0.22,351
34.4,7.5,47.2,38.6,5102,3.6,0.23,374
35.5,7.7,47.4,37.7,4984,3.5,0.24,382
36.2,7.6,48.2,36.8,4926,3.4,0.24,387
36.9,7.6,48.3,36.5,4952,3.4,0.24,386
37,7.7,47,34.5,4896,3.3,0.27,391
37.8,7.7,47.4,34.4,4896,3.3,0.27,397
38,7.7,48.5,33.9,4884,3.2,0.27,405
37.5,7.7,48.2,33.9,4865,3.2,0.27,402
37.4,7.7,47.4,34,4825,3.4,0.27,396
36.7,7.8,48.7,34.2,4982,3.4,0.27,394
35.8,7.8,48.3,36.5,4999,3.5,0.27,392
35.3,7.8,48.6,36.7,5012,3.5,0.24,389
34.7,7.8,47.5,37.7,5045,3.6,0.23,379
34.5,7.9,47.6,38.6,5055,3.6,0.23,373
34.1,7.9,47.8,38.7,5051,3.6,0.23,371
33.8,7.9,46.6,40.3,5154,3.7,0.2,349
33.8,7.4,46.5,40.2,5142,3.7,0.2,354
33.2,7.4,46.3,40.1,5243,3.7,0.2,367
33.1,7.4,46.9,40.3,5192,3.7,0.2,341
32.9,7.3,46.4,44.5,5183,3.8,0.19,350
32.9,7.3,46.2,44.5,5191,3.8,0.19,246
32.8,7.3,46.3,44.6,5183,3.8,0.19,253
32.6,7.3,46.5,44.3,5187,3.8,0.19,249
31.8,7.2,45.3,46.9,5169,3.9,0.14,300
31.1,7.2,45.4,47.2,5267,3.9,0.14,291
30.9,7.2,43.5,48.1,5385,4,0.1,343
30.9,7.3,43.6,48.8,5284,4,0.1,351
31.4,7.3,44.5,47.7,5386,3.9,0.14,310
31.9,7.4,45.2,47.3,5401,3.9,0.14,297
32.6,7.4,44.3,46.5,5294,3.8,0.19,345
32.5,7.5,45.5,46.3,5267,3.8,0.19,328
32,7.5,45.3,46.3,5275,3.8,0.19,316
31.5,7.8,43.9,46.7,5643,3.8,0.1,228
31.5,7.8,44.2,46.3,5502,3.6,0.1,235
31.6,7.8,43.1,46.7,5454,3.7,0.14,235
32.9,7.8,43.2,44,5299,3.8,0.19,249
30.2,7,43.6,48.5,5395,4,0.1,244
30.7,7.4,44.1,48.5,5435,4,0.1,248
30.8,7.4,46.8,48.6,5467,4,0.1,255
31,7.8,46.8,46.4,5356,3.9,0.14,320
31.9,7.6,45.3,46.7,5355,3.9,0.14,310
32.6,7.6,45.3,44.6,5393,3.8,0.19,324
32.5,7.6,45.6,45.3,5243,3.8,0.19,315
32,7.5,45.6,45.2,5284,3.8,0.19,355
32,7.5,45.6,45.7,5286,3.8,0.19,345
31.4,7.2,44.2,46.7,5224,3.9,0.14,322
31.4,7.2,44.3,46.7,5235,3.9,0.14,316
31.3,7.2,44.3,46.4,5246,3.9,0.14,318
32.9,7.3,45.4,44.2,5246,3.8,0.14,327
30.8,7.3,45.3,47.6,5375,4,0.14,247
30.7,7.3,45.7,48.3,5385,4,0.14,262
30.8,7.2,44.2,48.5,5453,4,0.14,245
31,7.2,44.1,46.3,5454,3.9,0.14,328
31.9,7.2,44.5,46.5,5354,3.9,0.14,315
32.6,7.3,47.4,44.3,5397,3.8,0.19,324
32.5,7.3,45.9,44.4,5296,3.8,0.19,315
32,7.4,46.3,44.2,5275,3.8,0.19,355
32.6,7.4,43.2,44,5263,3.8,0.19,345
31.8,7.5,43.5,46.3,5143,3.9,0.14,321
31.1,7.5,43.6,46.7,5158,3.9,0.14,319
30.9,7.3,42.4,48,5483,4,0.1,365
30.9,7.4,42.6,48.8,5462,4,0.1,360
31.4,7.4,43.5,46.7,5366,3.9,0.14,294
31.9,7.5,43.6,46.5,5342,3.9,0.14,285
32.6,7.5,43.9,45.3,5142,3.8,0.19,324
32,7.5,44.6,45.3,5243,3.8,0.19,354
31.5,7.4,44.1,46.7,5322,3.9,0.14,292
31.5,7.4,44.1,46.8,5355,3.9,0.14,286
31.6,7.5,43.6,46.3,5374,3.9,0.14,288
32.9,7.5,44.8,45.3,5243,3.8,0.19,334
30.2,7.3,43.8,48.6,5433,4,0.1,246
30.7,7.4,43.7,49.3,5421,4,0.1,265
30.8,7.4,43.2,49.2,5312,4,0.1,243
31,7.5,43.9,47.5,5319,3.9,0.14,285
31.9,7.5,44.3,47.3,5272,3.9,0.14,274
32.6,7.2,45.3,46.3,5282,3.8,0.19,336
32.5,7.2,45.6,46,5278,3.8,0.19,327
32,7.3,45.9,45.2,5243,3.8,0.19,267
31.9,7.3,43.5,47.4,5183,3.9,0.14,278
31.9,7.4,43.2,46.3,5395,3.9,0.14,283
31.8,7.4,43.1,46.5,5378,3.9,0.14,303
31.8,7.4,43.1,46.7,5249,3.9,0.14,312
31.7,7.5,43.1,46.6,5294,3.9,0.14,317
31.6,7.5,43.6,46.6,5284,3.9,0.14,316
31.6,7.2,43.6,46.5,5238,3.9,0.14,315
31.5,7.2,43.7,46.8,5345,3.9,0.14,306
31.3,7.3,43.6,47,5345,3.9,0.14,297
31.2,7.3,43.6,47.2,5395,3.9,0.14,296
31.1,7.4,43.9,46.9,5384,3.9,0.14,309
31,7,43.6,46.8,5364,3.9,0.14,311
30.9,7,42.7,48.3,5475,4,0.1,257
30.8,7.4,42.4,49.5,5463,4,0.1,252
30.8,7.4,42.6,49.2,5482,4,0.1,241
30.7,7.5,42.6,49.2,5486,4,0.1,258
30.6,7.5,42.4,49.1,5486,3.9,0.1,269
30.6,7.2,42.2,49.2,5467,3.9,0.1,249
30.6,7.2,42.3,49.3,5455,3.9,0.1,247
30.6,7,42.3,49.2,5478,3.9,0.1,252
30.7,7,42.5,49.5,5467,3.9,0.1,265
30.8,7.1,42.3,49.1,5488,3.9,0.1,255
30.6,7.1,42.5,48.9,5423,4,0.1,250
31,7.1,43.7,46.4,5472,3.9,0.14,313
30.9,7.5,43.4,46.8,5393,4,0.1,285
31.1,7.5,43.2,47.2,5374,3.9,0.14,326
32.9,7.5,46.1,45.6,5284,3.8,0.19,247
30.8,7.2,46.1,48.6,5442,4,0.1,266
30.1,7.2,44.1,48.8,5482,3.9,0.1,248
30.1,7,42.3,48.8,5427,3.9,0.1,246
30.2,7,42.5,48.9,5427,3.9,0.1,264
30.2,7.1,42.6,48.6,5482,3.9,0.1,241
30.3,7.1,42.3,48.9,5472,4,0.1,240
30.3,7.1,42.3,48.6,5485,4,0.1,260
30.3,7.6,42.3,48.3,5486,4,0.1,243
30.5,7.6,42.6,49.3,5423,4,0.1,243
30.5,7.6,42.4,49.2,5234,4,0.1,256
30.8,7.2,43.3,49.4,5232,4,0.1,241
31.1,7.2,43.9,46.6,5134,3.9,0.14,294
31.1,7,46.7,46.5,5284,3.9,0.14,271
31.1,7,46.5,46.3,5248,3.9,0.14,282
31.2,7.1,44,46.6,5284,3.9,0.14,302
31.2,7.1,44.2,46.7,5233,3.9,0.14,302
31.1,7.1,43.9,47.2,5284,3.9,0.14,314
31.2,7.5,44.1,46.5,5284,3.9,0.14,303
31.2,7.5,44.2,46.8,5273,3.9,0.14,300
30.8,7.5,44.3,48.7,5378,4,0.1,245
30.8,7.5,43,48.6,5394,4,0.1,239
30.9,7.5,43.8,48.6,5319,4,0.1,238
30.9,7.2,43.6,48.6,5393,4,0.1,237
30.9,7.2,43.6,48.6,5394,4,0.1,252
30.9,7,43.5,49.4,5486,4,0.1,250
31.2,7,43.6,46.8,5473,3.9,0.14,306
31.3,7.1,43.5,46.5,5435,3.9,0.14,295
31.5,7.1,43.4,46.3,5343,3.9,0.14,296
31.9,7.1,43.2,47.2,5342,3.9,0.14,283
32.5,7.2,46.1,45.3,5244,3.8,0.19,329
32.8,7.3,46.1,45,5238,3.8,0.19,352
33.1,7.3,44.1,40.2,5135,3.7,0.2,356
33.6,7.3,44.6,40.3,5137,3.7,0.2,355
34.4,7.8,44.7,38.9,5023,3.6,0.22,376
35.5,7.8,46.7,38.7,4985,3.5,0.23,386
36.2,7.8,45.8,37.5,4893,3.4,0.24,388
36.9,8,46.9,37.3,4829,3.4,0.22,389
37,8,46.8,36.3,4867,3.3,0.25,391
37.8,8.1,46.8,36,4852,3.3,0.26,394
38,8.2,46.7,34.9,4813,3.2,0.26,401
37.5,8.2,47,35.1,4814,3.3,0.26,400
37.4,8.1,47.1,35.7,4829,3.3,0.26,399
36.7,8,47.2,35.7,4833,3.4,0.24,395
35.8,7.8,47.2,36.7,4856,3.5,0.24,390
34.6,7.8,46.3,37.4,4956,3.6,0.24,383
33.8,7.8,46.2,40.3,5103,3.7,0.22,373
32.6,7.7,44.3,44.5,5233,3.8,0.19,331
31.8,7.5,44.2,46.3,5242,3.9,0.14,281
31.1,7.5,43.9,47.2,5234,3.9,0.14,285
30.9,7.5,43.7,48,5345,4,0.1,253
30.9,7.5,43.2,48.1,5367,4,0.1,244
31.4,7.3,43.1,47.6,5265,3.9,0.14,286
31.9,7.4,43.8,47.5,5274,3.9,0.14,285
32.6,7.4,44.5,46.3,5286,3.8,0.19,342
32.1,7.5,44.6,45.9,5193,3.8,0.19,334
31.9,7.6,44.1,47.9,5167,3.9,0.14,292
31.4,7.6,43.9,47.4,5245,3.9,0.14,287
31.3,7.6,43.4,47.4,5284,3.9,0.14,280
32.9,7.6,43.4,44.3,5234,3.8,0.19,330
30.8,7.5,46.2,48.2,5472,4,0.1,244
30.7,7.5,46.5,48.5,5428,4,0.1,241
30.8,7.3,44,48.8,5462,4,0.1,236
28,6.8,43.3,50.7,5230,3.9,0.12,226
29.3,6.8,43.9,48.2,5230,4,0.13,230
30.2,7,44.5,48.9,5498,4,0.1,268
30.7,7.4,44.7,48.7,5493,4,0.1,238
30.8,7.4,45,49.1,5423,4,0.1,240
31,7.8,45.7,46.3,5364,3.9,0.14,295
31.1,7.4,43.6,46.5,5364,3.9,0.14,296
31.4,7.4,43.5,46.2,5372,3.9,0.14,283
31.5,7.5,43.6,46.5,5373,3.9,0.14,271
31.7,7.6,43.5,46.9,5327,3.9,0.14,279
32.7,7.6,43.4,45.2,5382,3.8,0.19,338
31.3,7.4,43.2,47.3,5232,3.9,0.14,314
31.1,7.4,43.4,47.1,5236,3.9,0.14,321
30.5,7.5,42.5,48.5,5435,4,0.1,254
30.5,7.6,42.6,48.8,5472,4,0.1,244
31.4,7.6,42.3,47.6,5312,3.9,0.14,295
31.7,7.4,44.2,47.8,5243,3.9,0.14,296
32.6,7.4,44.5,44.4,5238,4,0.19,333
32.4,7.5,44.8,45.3,5132,4,0.19,314
32.3,7.8,44.5,45.3,5132,4,0.19,324
32.3,7.8,44.7,45,5194,4,0.19,354
31.9,7.7,44.3,46.8,5283,3.9,0.14,266
31.8,7.7,44.3,46.5,5384,3.9,0.14,265
31.7,7.7,43.2,46.3,5384,3.9,0.14,282
31.7,7.7,43.2,47.2,5323,3.9,0.14,294
31.8,7.6,43.5,46.8,5243,3.9,0.14,297
31.6,7.6,43,46.8,5246,3.9,0.14,285
31,7.6,43.7,47,5238,3.9,0.14,280
30.9,7.4,43.4,48.3,5394,4,0.14,239
30.3,7.4,43.6,49.5,5395,4,0.1,249
30.3,7.3,43.5,49.2,5383,4,0.1,266
30.5,7.3,43.6,49.2,5313,4,0.1,252
30.5,7.3,43.4,49.1,5487,4,0.1,250
30.8,7.2,43.8,49.2,5483,4,0.1,251
31.1,7.2,43.4,46.3,5382,3.9,0.14,291
31.1,7,43.4,46.5,5372,3.9,0.14,293
31.1,7.2,44.2,46.2,5381,3.9,0.14,284
31.6,7.2,44.3,46.5,5382,3.9,0.14,267
31.7,7.2,44.5,46.3,5382,3.9,0.14,268
32.7,7.2,44.1,45.9,5234,3.8,0.19,327
31.3,7.3,44.2,46.7,5149,3.9,0.14,295
31.1,7.3,43.2,46.3,5143,3.9,0.1,254
30.5,7.3,43.5,48.2,5483,4,0.1,243
30.5,7.3,43,48.3,5473,4,0.14,247
31.4,7.2,43.7,47,5482,3.9,0.14,295
31.7,7.2,43.5,46.9,5284,3.9,0.14,296
32.6,7,44,45.8,5233,3.8,0.19,338
31.7,7.2,43.2,46.2,5263,3.9,0.14,324
32.7,7.2,43.4,46.7,5144,3.8,0.19,326
31.3,7.2,43.5,46.3,5133,3.9,0.14,295
31.1,7.2,43.7,47.2,5273,3.9,0.14,296
30.5,7.3,42.5,48.7,5483,4,0.1,243
30.5,7.3,42.3,48.6,5427,4,0.1,244
31.4,7.3,43.5,47.1,5483,3.9,0.14,286
31.7,7.3,43.6,47.1,5463,3.9,0.14,281
32.6,7.2,44.1,46.2,5379,3.8,0.19,351
32.5,7.2,44.2,45.7,5386,3.8,0.19,360
32.4,7,44.1,45.8,5257,3.8,0.19,358
31.9,7.2,44.2,45.7,5143,3.9,0.14,278
31.7,7.2,44.3,46.2,5163,3.9,0.14,271
31.3,7.2,44.5,46.7,5183,3.9,0.14,283
30.9,7.2,43.2,48,5423,4,0.1,239
30.4,7.4,43.1,48.2,5482,4,0.1,238
30.5,7.4,43.2,48.3,5466,4,0.1,237
30.8,7.4,43.2,48.9,5487,4,0.1,252
31.2,7.2,43.5,47.2,5499,3.9,0.14,277
31.3,7.2,44.5,46.2,5496,3.9,0.14,265
31.1,7,44.3,46.1,5343,3.9,0.14,282
31.4,7.2,44.2,46.3,5364,3.9,0.14,294
31.4,7.2,44.5,46.3,5323,3.9,0.14,297
31.7,7.2,44.6,46.6,5326,3.9,0.14,325
32.7,7.2,44.6,45.9,5120,3.8,0.19,357
31.3,7.3,43.2,45.8,5132,3.9,0.14,275
31.1,7.3,43.2,46.5,5142,3.9,0.14,279
30.5,7.3,42.5,47.4,5333,4,0.1,265
30.5,7.4,42.5,48.5,5483,4,0.1,244
31.4,7.4,42.9,46.6,5188,3.9,0.14,275
31.7,7.4,42.8,43.5,5234,3.9,0.14,279
32.6,7.4,43.9,44.5,5124,3.8,0.19,353
32.2,7.3,44.5,44.9,5102,3.8,0.19,355
31.7,7.2,43.2,47.3,5243,3.9,0.14,270
32.7,7.2,43.6,46.4,5131,3.8,0.19,308
31.3,7,42.3,47.3,5138,3.9,0.14,329
31.1,7.2,43.5,47.4,5131,3.9,0.14,304
30.5,7.2,43.3,48.9,5328,4,0.1,266
30.5,7.2,43.3,49.6,5483,4,0.1,265
31.4,7.2,44.1,46.1,5472,3.9,0.14,282
31.7,7.3,43.4,46.9,5321,3.9,0.14,294
32.6,7.3,43.4,45.5,5232,3.8,0.19,327
31.7,7.3,46.2,47,5264,3.9,0.14,285
31.7,7,46.5,46.7,5241,3.9,0.14,266
31,7,44,46.6,5241,3.9,0.14,265
30.2,7,46.7,49.7,5340,4,0.1,252
30.7,7.4,47,48.5,5398,4,0.1,264
30.8,7.4,46.5,48.9,5412,4,0.1,250
31,7.8,46.8,46,5311,3.9,0.1,285
31.5,7.8,44.9,43,5642,3.8,0.1,228
31.5,7.8,44.2,43.2,5500,3.6,0.1,235
31.6,7.8,43.1,43.1,5444,3.7,0.14,235
32.9,7.8,46.2,43,5399,3.8,0.19,249
33.1,7.6,47.8,40.2,5217,3.8,0.2,367
33.7,7.6,47.9,39.8,5271,3.7,0.2,354
34.4,7.6,48.6,38.8,5109,3.6,0.21,371
35.5,8,48.7,37.6,5022,3.5,0.22,383
36.2,8,49.1,37.2,4989,3.4,0.23,384
36.9,8,49.2,36.5,4928,3.4,0.23,389
37,8,49.3,34.3,4933,3.3,0.26,392
37.8,8.1,49.3,34.1,4923,3.3,0.26,395
38,8.1,49.5,33.6,4892,3.2,0.27,401
37.5,8.1,49.2,34.6,4823,3.3,0.26,399
37.4,8.1,48.8,34,4825,3.3,0.26,398
36.7,8,47.5,35.4,4834,3.4,0.25,395
35.8,8,46.5,36.7,4857,3.5,0.26,390
35.8,7.8,46.3,36.3,4836,3.5,0.26,384
34.6,7.8,46.1,37.2,4999,3.6,0.26,373
33.8,7.7,45.3,38.9,5023,3.7,0.22,370
32.6,7.7,44.3,43.7,5155,3.8,0.19,357
31.8,7.7,43.6,46.5,5293,3.9,0.2,305
31.1,7.6,43.5,46,5384,3.9,0.2,290
30.9,7.6,42.8,47.8,5374,4,0.1,252
30.9,7.6,42.9,48.3,5378,4,0.1,244
31.4,7.5,43.2,46.2,5273,3.9,0.2,290
31.4,7.5,43.6,46.3,5247,3.9,0.2,289
31.5,7.5,43.9,46.7,5222,3.9,0.2,286
31.5,7.4,43.8,46.8,5294,3.9,0.2,275
31.6,7.4,44.2,46,5274,3.9,0.2,282
31.6,7.4,43.6,45.9,5384,3.9,0.2,274
31.5,7.4,43.2,46.8,5339,3.9,0.2,297
31.2,7.4,43.6,45.7,5419,3.9,0.2,275
31.1,7,43.6,46.9,5386,3.9,0.1,278
30.9,7,43.5,48.6,5378,4,0.1,255
30.8,7,43.5,48.5,5461,4,0.1,240
30.6,7,43.4,48.8,5436,4,0.1,245
31,7.1,44.2,47.8,5233,3.9,0.14,276
30.9,7.1,43.6,48.8,5437,4,0.1,263
31.1,7,43.1,46.3,5248,3.9,0.14,280
32.9,7.1,44.3,44.2,5138,3.8,0.19,320
30.8,7.1,43.1,49.2,5475,4,0.1,269
30.1,7.1,42.1,49.5,5463,3.9,0.1,248
30.2,7.1,42.6,49.3,5482,3.9,0.1,247
30.2,7,42.5,47.3,5486,3.9,0.1,242
30.3,7,42.6,48.5,5486,4,0.1,240
30.4,7.2,42.9,48,5467,4,0.1,239
30.4,7.2,42.5,47.2,5455,4,0.1,238
30.5,7.2,42.5,48.3,5478,4,0.1,237
30.6,7.2,42.1,48.4,5467,4,0.1,253
30.6,7.2,42.6,49.3,5488,4,0.1,259
30.6,7.2,42.5,49.2,5423,4,0.1,239
30.7,7.2,42.6,49,5475,4,0.1,238
30.7,7.3,42.4,48.9,5463,4,0.1,237
30.8,7.3,43.1,48.8,5482,4,0.1,259
30.8,7.3,43.2,48.2,5486,4,0.1,263
30.7,7.3,42.9,49.2,5486,4,0.1,245
30.6,7.4,42.7,49.5,5467,4,0.14,243
31,7.4,43.6,46.7,5255,3.9,0.1,312
30.9,7.4,42.5,47.3,5478,4,0.1,247
31.1,7.5,43.8,46.5,5167,3.9,0.14,300
32.9,7.5,44.7,44.6,5088,3.8,0.19,328
30.8,7.5,43.5,48.9,5423,4,0.1,266
31.1,7.5,44.6,46.3,5364,3.9,0.14,268
31.2,7.4,44.1,46.7,5364,3.9,0.14,293
31.3,7.4,44.2,46.8,5372,3.9,0.14,283
31.3,7.4,43.9,46,5373,3.9,0.14,298
31.4,7,43.8,45.9,5327,3.9,0.14,279
31.4,7,43.7,46.8,5382,3.9,0.14,285
31.2,7,43.6,46.7,5348,3.9,0.14,281
31.2,7.3,43.5,48.2,5388,3.9,0.14,293
30.7,7.3,42.3,48.3,5490,4,0.1,266
30.8,7.3,42.7,48.4,5499,4,0.1,249
30.6,7.2,43.3,49.3,5489,4,0.1,240
31,7.2,43.9,46.7,5389,3.9,0.14,277
30.9,7.2,46.7,49,5472,4,0.1,235
31.1,7.1,46.5,46.9,5328,3.9,0.14,288
32.9,7.1,44,44.2,5294,3.8,0.19,317
30.8,7.1,42.6,48.7,5419,4,0.1,263
30.7,7.1,42.5,48.6,5486,4,0.1,245
30.7,7.1,42.6,48.6,5478,4,0.1,243
30.6,7.2,42.8,48.6,5461,4,0.1,235
31,7.2,43.1,48.6,5236,3.9,0.14,299
30.9,7.2,42.2,49.4,5438,4,0.1,248
31.1,7.2,43.1,47.1,5343,3.9,0.14,305
32.9,7.3,44.2,45.2,5249,3.8,0.19,323
30.8,7.3,43.5,48.3,5473,4,0.1,235
30.1,7.3,43.1,48.4,5427,4,0.1,241
30.5,7.4,42.8,48.7,5444,4,0.1,243
30.7,7.4,42.7,48.6,5464,4,0.1,254
30.8,7.4,42.6,48.6,5485,4,0.1,249
30.6,7.5,42.5,48.6,5454,4,0.1,250
31,7.5,43.6,46.6,5355,3.9,0.14,277
30.9,7.5,42.4,49.4,5437,4,0.1,255
31.1,7.5,43.8,46.6,5347,3.9,0.1,273
32.9,7.6,44.6,44.4,5253,3.8,0.19,323
30.8,7.6,42.3,48.7,5463,4,0.1,263
30.1,7.6,42.6,48.4,5465,4,0.1,245
30.1,7.6,42.6,49.6,5467,4,0.1,249
30.8,7.6,42.4,49.3,5486,4,0.1,248
30.9,7.5,42.2,49.2,5477,4,0.1,258
31.3,7.5,43.3,46.3,5343,3.9,0.14,274
31.3,7.5,43.7,46.7,5341,3.9,0.14,278
31.8,7.5,43.6,46.8,5463,3.9,0.14,276
32.2,7.5,44.6,42.5,5127,3.8,0.14,324
32.7,7.6,44.7,43.5,5173,3.8,0.19,325
33.3,7.6,45.8,30.9,5166,3.7,0.2,363
34.4,7.6,45.6,38.8,5023,3.6,0.21,374
35.5,7.8,46.9,36.5,4956,3.5,0.23,383
36.2,7.8,46.7,35.6,4913,3.4,0.24,387
36.9,7.8,46.8,35.7,4917,3.4,0.25,388
37,8,47.2,34.6,4899,3.3,0.25,392
37.8,8,47.3,34.5,4833,3.3,0.25,395
38,8.1,48.2,34.4,4825,3.2,0.27,402
37.5,8,48.3,34.7,4843,3.3,0.25,400
37.4,8,48.2,35.3,4863,3.3,0.25,397
36.7,7.8,47.8,35.7,4895,3.4,0.25,396
35.8,7.8,46.5,36.6,4923,3.5,0.26,391
35.8,7.8,46.3,36.4,4933,3.5,0.27,385
34.6,7.7,46.2,37.7,4998,3.5,0.23,377
33.7,7.7,46.4,38.5,5012,3.6,0.2,361
32.6,7.7,43.9,43.5,5133,3.7,0.19,330
31.8,7.6,43.4,46.7,5281,3.8,0.14,270
31.2,7.6,43.4,45.9,5295,3.8,0.14,279
30.8,7.6,43.2,49.4,5399,3.9,0.1,260
30.5,7.6,43.5,49.3,5424,3.9,0.1,241
30.4,7.5,43,49.6,5523,3.9,0.1,242
30.4,7,43.5,49.3,5510,3.9,0.1,263
30.3,7,43.2,49.6,5507,3.9,0.1,244
30.1,7.4,43.7,49.3,5487,3.9,0.1,245
28,6.8,43.3,50.7,5230,3.9,0.12,226
29.3,6.8,43.9,48.2,5230,4,0.13,227
30.2,7,43.4,48.7,5475,4,0.1,267
30.7,7.4,43.4,48.4,5463,4,0.1,245
30.8,7.4,43.1,49.6,5482,4,0.1,248
31,7.8,43.6,46.4,5486,3.9,0.14,249
31.2,7.8,44.3,46.3,5486,3.9,0.14,276
30.8,7.8,43.2,49.3,5467,4,0.1,250
30.6,7.5,43.5,48.7,5455,4,0.1,263
30.5,7.5,43.2,48.7,5478,4,0.1,246
30.4,7.5,43.6,48.6,5467,4,0.1,245
30.3,7.5,43.8,48.9,5488,4,0.1,264
30.1,7,43.9,48.3,5423,4,0.1,266
28,6.8,43.3,50.7,5475,3.9,0.12,226
29.3,6.8,43.9,48.2,5463,4,0.13,230
30.2,7.8,43.8,47.6,5499,4,0.1,242
30.7,7.8,43.6,48.2,5502,4,0.1,252
30.8,7.8,43.5,49.4,5510,4,0.1,253
31,7.5,44.3,46,5364,3.9,0.14,275
31.3,7.5,44.5,45.9,5364,3.9,0.14,279
31.1,7.5,44.6,46.8,5372,3.9,0.14,271
30.5,7,43.6,49.2,5373,4,0.1,265
30.5,7,43.5,49.3,5327,4,0.14,262
31.4,7.4,43.4,45.7,5382,3.9,0.14,276
31.7,7.4,43.4,46.9,5348,3.9,0.14,273
32.6,7.5,46.2,45.1,5228,3.8,0.19,327
32.6,7.5,46.5,45.1,5012,3.8,0.19,315
32.5,7.6,44,45.1,5133,3.8,0.19,339
31.7,7.6,43.2,47.6,5281,3.9,0.14,272
32.7,7.8,45.8,44.7,5295,3.8,0.19,341
31.3,7.5,43.5,46.9,5012,3.9,0.14,282
31.1,7.5,44.3,47,5133,3.9,0.14,292
30.5,7.5,42.9,48.6,5451,4,0.1,266
30.5,7.5,42.8,49.1,5465,4,0.1,261
31.7,7.8,42.7,47.2,5145,3.9,0.14,282
32.4,7.5,46.2,45.3,5034,3.8,0.19,329
31.3,7.5,44.2,47.3,5268,3.9,0.14,272
31.1,7.6,44.1,46.5,5299,3.9,0.14,271
30.5,7.6,43.4,48.9,5467,4,0.1,252
30.5,7.6,43.4,48,5455,4,0.1,249
30.8,7.5,43.1,48.6,5478,4,0.1,244
30.7,7.5,43.2,48.5,5467,4,0.1,262
30.8,7.5,43.5,48.5,5488,4,0.1,245
30.6,7.5,43.6,48.4,5423,4,0.1,243
31,7.5,44.2,46,5312,3.9,0.14,273
30.9,7.4,43.9,48.2,5397,4,0.1,260
31.1,7.4,44.3,47.1,5312,3.9,0.14,274
32.9,7.4,46.2,45.2,5150,3.8,0.19,320
30.8,7.3,42.7,49.6,5534,4,0.1,253
30.1,7.3,42.8,49.3,5571,4,0.1,255
30.1,7.2,43.2,49.2,5517,4,0.1,253
30.6,7.2,42.9,48.7,5526,3.9,0.1,236
30.8,7.2,42.7,48.7,5598,3.9,0.1,238
30.5,7.2,42.6,48.6,5566,3.9,0.1,235
30.4,7.1,42.5,48.9,5445,4,0.1,239
30.4,7.1,43.2,48.3,5503,4,0.1,255
30.3,7.1,43.1,48.3,5520,4,0.1,242
30.1,7,43.5,48.4,5537,4,0.1,249
30.2,7,43.2,49.3,5524,4,0.1,265
30.2,7,43.5,48.7,5531,4,0.1,264
30.2,7.1,43.1,49,5463,4,0.1,254
30.7,7.1,43.3,48.6,5424,3.9,0.1,244
30.8,7.1,43.2,49.1,5344,3.9,0.1,240
31,7.1,44.4,46.9,5374,3.9,0.14,285
32.7,7.1,43.4,45.1,5277,3.8,0.19,322
32.8,7.1,43.4,45.1,5273,3.8,0.19,322
33,7.2,46.2,40.2,5143,3.7,0.2,344
33.2,7.2,46.5,40.3,5172,3.7,0.2,347
33.8,7.2,44,39.9,5182,3.7,0.2,352
33.9,7.2,46.7,39.6,5172,3.7,0.2,366
34.4,7.5,46.7,36.4,5129,3.6,0.23,374
34.4,7.5,46.8,36.7,5032,3.6,0.23,381
35.5,7.8,47.3,36.7,5045,3.5,0.25,389
36.2,7.8,47.6,36.4,5037,3.4,0.25,392
36.9,7.8,47.8,35.6,4969,3.4,0.25,385
37,8.1,48,34.5,4936,3.3,0.25,394
37.8,8.1,48.1,34.4,4921,3.3,0.26,392
38,8.1,48.2,33.8,4894,3.2,0.27,400
37.5,8,48.3,33.9,4833,3.3,0.26,398
37.4,8,48.4,34.1,4844,3.3,0.26,390
36.7,7.8,47.9,35.7,4835,3.4,0.25,382
35.8,7.8,48.9,37.2,4856,3.5,0.25,380
35.5,7.8,48.7,37.2,4896,3.5,0.25,378
34.7,7.8,47.7,38.4,4927,3.6,0.2,374
33,7.8,46.5,39.3,5033,3.7,0.2,369
32.8,7.6,44,43.4,5182,3.8,0.19,333
32.8,7.6,43.4,43.6,5193,3.8,0.19,330
31.4,7.4,43.3,45.9,5326,3.9,0.14,283
31.2,7.4,43.9,46.4,5342,3.9,0.14,284
31.2,7.5,46.7,46.5,5374,3.9,0.14,280
31.2,7.5,47,46.7,5389,3.9,0.14,281
31.2,7.5,46.5,46.7,5377,3.9,0.14,271
32.4,7.5,46.8,44.3,5237,3.8,0.19,335
32.5,7.4,44.4,44.7,5224,3.8,0.19,325
31.5,7.4,43.4,47.1,5311,3.9,0.14,272
31.5,7.5,43.1,45.2,5326,3.9,0.14,272
30.9,7.4,43.6,49.3,5493,4,0.1,251
30.3,7.4,43,49.2,5499,4,0.1,255
28,6.8,43.3,50.7,5230,3.9,0.12,226
29.3,6.8,43.9,48.2,5230,4,0.13,230
30.2,7,43.4,49.2,5432,4,0.1,235
30.7,7.4,43.4,49.3,5465,4,0.1,238
30.8,7.4,43.1,49.5,5476,4,0.1,237
31,7.8,43.6,46.5,5315,3.9,0.14,269
31.5,8.1,44.9,43,5442,3.8,0.1,228
31.5,7.8,45.2,43.2,5403,3.6,0.1,235
31.6,7.8,45.1,43.1,5447,3.7,0.14,235
32.9,7.8,45.2,40,5396,3.8,0.19,249
